Ejercicio 1,Ejercicio 2,Ejercicio 3,Ejercicio 4 - Matriz Original,Ejercicio 4 - Matriz Inversa,Ejercicio 5 - Max,Ejercicio 5 - Min,Ejercicio 5 - Índice Max,Ejercicio 5 - Índice Min,Ejercicio 6,Ejercicio 7,Ejercicio 8,Ejercicio 9,Ejercicio 10
"[10, 11, 12, 13, 14, 15, 16, 17, 18, 19, 20, 21, 22, 23, 24, 25, 26, 27, 28, 29]",100.0,"[8, 6, 45, 1, 10]","[[6, 3, 9, 6], [1, 5, 3, 6], [7, 2, 3, 5], [7, 4, 6, 1]]","[[-0.06766917293233082, -0.06766917293233082, 0.15037593984962405, 0.060150375939849635], [-0.15288220551378448, 0.18045112781954886, -0.06766917293233085, 0.17293233082706772], [0.1720969089390142, -0.05012531328320802, -0.14786967418546362, 0.007518796992481197], [0.052631578947368425, 0.05263157894736843, 0.10526315789473686, -0.15789473684210528]]",0.9925465101792172,0.00149753318235335,78,2,"[[2, 3, 4], [3, 4, 5], [4, 5, 6]]","[[34, 20], [21, 1]]","[0.0, 0.0, 0.0, 5.0, 5.0, 5.0, 5.0, 0.0, 0.0, 0.0]","[[86, 26, 15], [40, 69, 93], [61, 13, 29]]","[0.962910700308204, 0.677941039506025, 0.5774577500301139]"
