Ejercicio 1,Ejercicio 2,Ejercicio 3,Ejercicio 4 - Matriz Original,Ejercicio 4 - Matriz Inversa,Ejercicio 5 - Max,Ejercicio 5 - Min,Ejercicio 5 - Índice Max,Ejercicio 5 - Índice Min,Ejercicio 6,Ejercicio 7,Ejercicio 8,Ejercicio 9,Ejercicio 10
"[10, 11, 12, 13, 14, 15, 16, 17, 18, 19, 20, 21, 22, 23, 24, 25, 26, 27, 28, 29]",100.0,"[32, 45, 70, 40, 7]","[[3, 1, 1, 2], [5, 9, 6, 1], [2, 1, 4, 7], [6, 6, 8, 1]]","[[0.40963855421686735, -0.0740103270223752, -0.1153184165232358, 0.06196213425129089], [-0.04819277108433731, 0.22719449225473323, 0.005163511187607561, -0.16695352839931155], [-0.27710843373493976, -0.1222030981067126, 0.06540447504302926, 0.21858864027538727], [0.048192771084337366, 0.058519793459552494, 0.13769363166953527, -0.11876075731497418]]",0.9948630453069339,0.003104260808696968,82,1,"[[2, 3, 4], [3, 4, 5], [4, 5, 6]]","[[82, 87], [53, 53]]","[0.0, 0.0, 0.0, 5.0, 5.0, 5.0, 5.0, 0.0, 0.0, 0.0]","[[27, 42, 61], [99, 60, 70], [83, 40, 81]]","[0.565986443167791, 0.9893255781724071, 0.6782008032577342, 0.8292571125989492, 0.558149103699419, 0.8583269991578057, 0.7062552190549537]"
