Ejercicio 1,Ejercicio 2,Ejercicio 3,Ejercicio 4 - Matriz Original,Ejercicio 4 - Matriz Inversa,Ejercicio 5 - Max,Ejercicio 5 - Min,Ejercicio 5 - Índice Max,Ejercicio 5 - Índice Min,Ejercicio 6,Ejercicio 7,Ejercicio 8,Ejercicio 9,Ejercicio 10
"[10, 11, 12, 13, 14, 15, 16, 17, 18, 19, 20, 21, 22, 23, 24, 25, 26, 27, 28, 29]",100.0,"[30, 18, 20, 7, 10]","[[6, 7, 8, 9], [1, 6, 8, 7], [7, 8, 6, 6], [2, 3, 5, 4]]","[[0.03870967741935474, -0.28387096774193543, 0.058064516129032295, 0.32258064516129026], [-0.17419354838709664, 0.27741935483870966, 0.23870967741935478, -0.4516129032258064], [-0.3032258064516131, -0.10967741935483874, 0.045161290322580754, 0.806451612903226], [0.49032258064516143, 0.07096774193548389, -0.26451612903225813, -0.5806451612903228]]",0.9858578114315083,0.01373050959033939,77,31,"[[2, 3, 4], [3, 4, 5], [4, 5, 6]]","[[92, 12], [78, 52]]","[0.0, 0.0, 0.0, 5.0, 5.0, 5.0, 5.0, 0.0, 0.0, 0.0]","[[78, 4, 1], [36, 98, 46], [20, 40, 48]]","[0.7242479355521734, 0.8802739045600626, 0.6097338371071349, 0.7530097994871033, 0.729362000596221, 0.9899420452577148, 0.8835849157822568]"
