Ejercicio 1,Ejercicio 2,Ejercicio 3,Ejercicio 4 - Matriz Original,Ejercicio 4 - Matriz Inversa,Ejercicio 5 - Max,Ejercicio 5 - Min,Ejercicio 5 - Índice Max,Ejercicio 5 - Índice Min,Ejercicio 6,Ejercicio 7,Ejercicio 8,Ejercicio 9,Ejercicio 10
"[10, 11, 12, 13, 14, 15, 16, 17, 18, 19, 20, 21, 22, 23, 24, 25, 26, 27, 28, 29]",100.0,"[18, 32, 36, 30, 70]","[[1, 8, 2, 5], [7, 2, 9, 2], [2, 5, 3, 9], [1, 2, 2, 3]]","[[0.10000000000000003, 0.27058823529411763, 0.6470588235294117, -2.2882352941176465], [0.2, 0.011764705882352943, -0.058823529411764705, -0.16470588235294115], [-0.10000000000000003, -0.09411764705882353, -0.5294117647058824, 1.8176470588235292], [-0.1, -0.03529411764705882, 0.17647058823529413, -0.0058823529411764965]]",0.9476087759517171,0.01174739710619721,80,8,"[[2, 3, 4], [3, 4, 5], [4, 5, 6]]","[[37, 88], [97, 14]]","[0.0, 0.0, 0.0, 5.0, 5.0, 5.0, 5.0, 0.0, 0.0, 0.0]","[[69, 6, 87], [29, 89, 49], [93, 13, 45]]","[0.5193893984759642, 0.5621643273555476, 0.5963241152837568]"
